<?xml version="1.0" encoding="UTF-8"?><?xml-stylesheet type='text/xsl' href='_UpgradeReport_Files/UpgradeReport.xslt'?><UpgradeLog>
<Properties><Property Name="Solution" Value="DataBinding">
</Property><Property Name="Solution File" Value="C:\Matthew\Pro Silverlight 3\Code\Pro Silverlight 3 in VB\Chapter16\DataBinding\DataBinding.sln">
</Property><Property Name="Date" Value="Saturday, October 10, 2009">
</Property><Property Name="Time" Value="9:17 AM">
</Property></Properties><Event ErrorLevel="0" Project="DataBinding" Source="DataBinding\DataBinding.vbproj" Description="Project converted successfully">
</Event><Event ErrorLevel="3" Project="DataBinding" Source="DataBinding\DataBinding.vbproj" Description="Converted">
</Event><Event ErrorLevel="0" Project="" Source="DataBinding.sln" Description="The solution file does not require conversion.">
</Event><Event ErrorLevel="3" Project="" Source="DataBinding.sln" Description="No Conversion Required">
</Event><Event ErrorLevel="0" Project="DataBinding" Source="DataBinding\DataBinding.vbproj" Description="Scan complete: Upgrade not required for project files.">
</Event></UpgradeLog>